카테고리,질문,답변,키워드,링크
가격,가격이 얼마예요?,"**STANDARD 39,000원**(질문 15개), **DELUXE 79,000원**(질문 40개·로고·홈페이지 버튼), **PREMIUM 149,000원**(질문 80개·설치 대행·QR 안내문)이에요. 월 이용료는 없어요.","가격, 얼마, 비용, 요금, 견적, 패키지, 금액",
가격,매달 내는 돈이 있나요?,"없어요. 챗봇이 파일 하나로 동작해서 서버비·AI 사용료가 들지 않아요. 원하시면 **월 관리(19,900원)**로 매달 답변을 보강해 드려요.","월 이용료, 매달, 유지비, 구독, 서버비, 월정액, 관리비, 유지 비용",
제작,만드는 데 얼마나 걸려요?,"요청서를 받은 뒤 STANDARD 3일, DELUXE 4일, PREMIUM 5일이에요. 급하시면 하루 단축 옵션도 있어요.","기간, 며칠, 얼마나 걸려, 작업기간, 빨리, 급해요, 언제 받아",
제작,무엇을 준비하면 되나요?,"손님이 자주 묻는 질문을 대충 적어 주시거나, 네이버 플레이스·인스타 공지 캡처만 보내 주세요. 로고와 전화·카톡·예약 링크가 있으면 함께 주세요.","준비, 준비물, 자료, 필요한것, 뭐 보내, 요청서",
기능,GPT 챗봇이랑 뭐가 달라요?,"GPT 챗봇은 자유롭게 대화하지만 가끔 사실과 다른 답을 지어내고 사용료가 나와요. 물어봇은 **사장님이 확인한 답만** 보여 줘서 틀린 안내를 하지 않고, 비용이 없어요.","gpt, 챗gpt, 지피티, 인공지능, ai, 차이, 다른점, 뭐가 달라",
기능,질문을 못 알아들으면 어떻게 돼요?,"“혹시 이 질문인가요?”로 비슷한 질문을 보여 주고, 그래도 없으면 전화·카카오톡 버튼으로 연결해요. 오타는 “혹시 ‘주차’?”처럼 되물어요.","못알아들으면, 엉뚱한, 오타, 모르는 질문, 틀리면, 못 찾으면",
기능,예약이나 결제도 되나요?,아니요. 물어봇은 자주 묻는 질문에 답하는 챗봇이에요. 예약·결제는 네이버 예약 같은 기존 링크로 연결해 드려요.,"예약, 결제, 주문 접수, 예약기능, 결제기능, 장바구니",
기능,어떤 업종에 맞나요?,"카페·음식점, 펜션·숙박, 학원, 미용실·네일, 필라테스·헬스, 쇼핑몰, 동아리·학생회처럼 같은 질문을 자주 받는 곳이면 다 좋아요. 의료·법률·투자 상담용은 만들지 않아요.","업종, 어떤 가게, 학원, 펜션, 카페, 미용실, 쇼핑몰, 동아리, 병원",
설치,홈페이지가 없어도 되나요?,"네. 챗봇 주소(링크)를 인스타그램 프로필, 카카오톡 채널, 네이버 플레이스에 넣고, 매장에는 QR 코드를 붙이면 돼요.","홈페이지 없어요, 홈페이지 없는데, 링크, qr, 큐알, 인스타, 네이버플레이스",
설치,홈페이지에 붙일 수 있나요?,아임웹·카페24·워드프레스처럼 HTML을 넣을 수 있는 홈페이지라면 **코드 한 줄**로 오른쪽 아래에 떠 있는 버튼이 생겨요. PREMIUM은 설치까지 대신해 드려요.,"홈페이지, 위젯, 아임웹, 카페24, 워드프레스, 설치, 붙이기, 버튼",
설치,카카오톡 채널 자동응답이 되나요?,"카카오톡 채널 안의 챗봇이 아니라, 채널 소개나 자동 메시지에 챗봇 링크를 넣어 연결하는 방식이에요.","카카오톡, 카톡, 카카오채널, 자동응답, 플러스친구",
관리,나중에 내용을 바꿀 수 있나요?,네. 질문표(엑셀)를 고쳐 보내 주시면 반영해 드려요(패키지별 수정 횟수 안에서). 월 관리를 이용하시면 매달 답변을 보강해 드려요.,"수정, 변경, 바꾸기, 업데이트, 고치기, 추가",
관리,손님 정보가 저장되나요?,"아니요. 손님 질문은 저장되지도, 어디로 보내지지도 않아요. 월 관리 고객이 원하시면 답하지 못한 질문만 익명으로 모을 수 있어요.","개인정보, 저장, 보안, 기록, 수집, 로그",
관리,챗봇 파일은 누구 거예요?,사장님 거예요. 챗봇 파일과 질문표(엑셀)를 그대로 드려요.,"소유, 소스, 파일, 저작권, 원본, 소스코드",
주문,어떻게 주문하나요?,크몽에서 **‘물어봇’**을 검색해 주문해 주세요. 결제 후 요청서를 작성하시면 바로 시작해요.,"주문, 신청, 구매, 의뢰, 맡기기, 크몽, 문의",크몽에서 보기=https://kmong.com/search?keyword=%EB%AC%BC%EC%96%B4%EB%B4%87
